{
    "text": " Copyright WDR 2021",
    "segments": [
        {
            "id": 0,
            "seek": 0,
            "start": 0.0,
            "end": 0.22,
            "text": " Copyright WDR 2021",
            "tokens": [
                50364,
                25653,
                1938,
                343,
                9301,
                7201,
                50464
            ],
            "temperature": 0.0,
            "avg_logprob": -0.6441946625709534,
            "compression_ratio": 0.6923076923076923,
            "no_speech_prob": 0.9438207745552063,
            "words": [
                {
                    "word": " Copyright",
                    "start": 0.0,
                    "end": 0.22,
                    "probability": 0.5035277414135635
                },
                {
                    "word": " WDR",
                    "start": 0.22,
                    "end": 0.22,
                    "probability": 0.859195739030838
                },
                {
                    "word": " 2021",
                    "start": 0.22,
                    "end": 0.22,
                    "probability": 0.4020833671092987
                }
            ]
        }
    ],
    "language": "de"
}