{
    "text": " Nein, nein, nein.",
    "segments": [
        {
            "id": 0,
            "seek": 0,
            "start": 0.0,
            "end": 1.12,
            "text": " Nein, nein, nein.",
            "tokens": [
                50364,
                18878,
                11,
                40041,
                11,
                40041,
                13,
                50464
            ],
            "temperature": 0.2,
            "avg_logprob": -0.8649555842081705,
            "compression_ratio": 1.0,
            "no_speech_prob": 0.6977633833885193,
            "words": [
                {
                    "word": " Nein,",
                    "start": 0.0,
                    "end": 0.34,
                    "probability": 0.08017033338546753
                },
                {
                    "word": " nein,",
                    "start": 0.58,
                    "end": 1.02,
                    "probability": 0.5560678839683533
                },
                {
                    "word": " nein.",
                    "start": 1.12,
                    "end": 1.12,
                    "probability": 0.9304051399230957
                }
            ]
        }
    ],
    "language": "de"
}