{
    "text": " Copyright WDR 2021",
    "segments": [
        {
            "id": 0,
            "seek": 0,
            "start": 0.0,
            "end": 0.2,
            "text": " Copyright WDR 2021",
            "tokens": [
                50364,
                25653,
                1938,
                343,
                9301,
                7201,
                50464
            ],
            "temperature": 0.0,
            "avg_logprob": -0.595630943775177,
            "compression_ratio": 0.6923076923076923,
            "no_speech_prob": 0.9357370138168335,
            "words": [
                {
                    "word": " Copyright",
                    "start": 0.0,
                    "end": 0.2,
                    "probability": 0.5065504624508321
                },
                {
                    "word": " WDR",
                    "start": 0.2,
                    "end": 0.2,
                    "probability": 0.8601538240909576
                },
                {
                    "word": " 2021",
                    "start": 0.2,
                    "end": 0.2,
                    "probability": 0.4081398546695709
                }
            ]
        }
    ],
    "language": "de"
}