{
    "text": " Copyright WDR 2021",
    "segments": [
        {
            "id": 0,
            "seek": 0,
            "start": 0.0,
            "end": 0.14,
            "text": " Copyright WDR 2021",
            "tokens": [
                50364,
                25653,
                1938,
                343,
                9301,
                7201,
                50464
            ],
            "temperature": 0.0,
            "avg_logprob": -0.6335746049880981,
            "compression_ratio": 0.6923076923076923,
            "no_speech_prob": 0.95938640832901,
            "words": [
                {
                    "word": " Copyright",
                    "start": 0.0,
                    "end": 0.14,
                    "probability": 0.5033764257095754
                },
                {
                    "word": " WDR",
                    "start": 0.14,
                    "end": 0.14,
                    "probability": 0.8473159372806549
                },
                {
                    "word": " 2021",
                    "start": 0.14,
                    "end": 0.14,
                    "probability": 0.4175173044204712
                }
            ]
        }
    ],
    "language": "de"
}