{
    "text": " Copyright WDR 2021",
    "segments": [
        {
            "id": 0,
            "seek": 0,
            "start": 0.0,
            "end": 0.28,
            "text": " Copyright WDR 2021",
            "tokens": [
                50364,
                25653,
                1938,
                343,
                9301,
                7201,
                50464
            ],
            "temperature": 0.0,
            "avg_logprob": -0.6146612763404846,
            "compression_ratio": 0.6923076923076923,
            "no_speech_prob": 0.9548698663711548,
            "words": [
                {
                    "word": " Copyright",
                    "start": 0.0,
                    "end": 0.28,
                    "probability": 0.5064260913059115
                },
                {
                    "word": " WDR",
                    "start": 0.28,
                    "end": 0.28,
                    "probability": 0.8598330616950989
                },
                {
                    "word": " 2021",
                    "start": 0.28,
                    "end": 0.28,
                    "probability": 0.4180961847305298
                }
            ]
        }
    ],
    "language": "de"
}