{
    "text": " Copyright WDR 2021",
    "segments": [
        {
            "id": 0,
            "seek": 0,
            "start": 0.0,
            "end": 0.2,
            "text": " Copyright WDR 2021",
            "tokens": [
                50364,
                25653,
                1938,
                343,
                9301,
                7201,
                50464
            ],
            "temperature": 0.0,
            "avg_logprob": -0.610560953617096,
            "compression_ratio": 0.6923076923076923,
            "no_speech_prob": 0.927215039730072,
            "words": [
                {
                    "word": " Copyright",
                    "start": 0.0,
                    "end": 0.2,
                    "probability": 0.5067101358436048
                },
                {
                    "word": " WDR",
                    "start": 0.2,
                    "end": 0.2,
                    "probability": 0.8540164232254028
                },
                {
                    "word": " 2021",
                    "start": 0.2,
                    "end": 0.2,
                    "probability": 0.4246104657649994
                }
            ]
        }
    ],
    "language": "de"
}